{
  "Cambodromo": 0.6454248366013072,
  "CatedralMunicipal": 1.6188524590163935,
  "Cristo": 1.1897590361445782,
  "DunasArena": 1.4107142857142858,
  "ParqueUrbano": 1.2191358024691359,
  "Plaza24": 1.4107142857142858,
  "Tahuichi": 0.9875,
  "Ventura": 0.5741279069767442
}